Optimal_Cost,Week_1,Week_2,Week_3,Week_4
228020.02328028038,5329.0,4602.0,7296.0,1699.0
224407.13816407035,1707.0,2881.0,3673.0,6226.0
231854.95048740946,7766.0,4126.0,6456.0,2998.0
234483.6900413475,3755.0,8813.0,6607.0,432.0
230944.48501161093,4734.0,946.0,4586.0,4428.0
230222.56391716786,9281.0,2672.0,8442.0,1165.0
227300.014526609,365.0,888.0,3738.0,6659.0
225011.8854718803,3727.0,1459.0,8282.0,7821.0
227292.611667174,9151.0,4252.0,6031.0,1951.0
232426.18569003316,6749.0,5841.0,6605.0,2354.0
229091.48783910085,5714.0,1322.0,1542.0,7445.0
229909.58060854164,2698.0,3893.0,3033.0,5705.0
230715.28205039442,6715.0,7614.0,7549.0,6749.0
234765.37158893447,928.0,2054.0,10127.0,285.0
232654.08128766387,2923.0,8307.0,7927.0,5698.0
234558.66607006922,4311.0,6123.0,9381.0,2349.0
229986.8079269053,4575.0,3064.0,7954.0,9803.0
234599.57740227922,6065.0,10251.0,8477.0,9593.0
230446.24802374627,122.0,5732.0,8712.0,7766.0
232729.9035632939,7867.0,7237.0,2088.0,2245.0
231047.7178582532,714.0,9644.0,6901.0,8099.0
234344.642778885,68.0,6300.0,9907.0,4113.0
230640.69864733928,742.0,5295.0,3463.0,4651.0
223253.06008135455,1118.0,3441.0,3573.0,9788.0
233417.91352410577,1274.0,90.0,2592.0,3263.0
228612.56953448974,5906.0,6206.0,395.0,7611.0
233659.11962911717,8904.0,5864.0,9330.0,3800.0
234853.95457311734,2871.0,895.0,7729.0,401.0
229057.85359513565,8675.0,3097.0,6392.0,7132.0
231354.45353365553,4762.0,5394.0,346.0,3753.0
230121.72724676688,3458.0,7127.0,7172.0,6596.0
233178.18693438746,6836.0,8483.0,9758.0,8328.0
232174.54028594182,3898.0,6207.0,7764.0,3914.0
236432.04929010253,2732.0,10126.0,7895.0,445.0
231444.95517391988,5239.0,9023.0,4143.0,7865.0
235433.84308439904,3255.0,9902.0,9297.0,6239.0
233326.65571571016,8453.0,9609.0,6716.0,5743.0
232967.65692762317,7656.0,8149.0,679.0,2107.0
225604.7810092638,3688.0,8431.0,1431.0,6887.0
227678.74112795838,5488.0,1771.0,7349.0,4470.0
223957.34775387807,1817.0,6655.0,5958.0,6759.0
231411.02460693117,7477.0,2839.0,6848.0,4388.0
229254.11012857463,3632.0,9158.0,1862.0,2967.0
231988.9430694933,2534.0,3082.0,4038.0,2941.0
228743.55020998002,5146.0,3946.0,5161.0,8943.0
235525.10912957406,346.0,6862.0,8914.0,1170.0
233157.93537226037,9077.0,6058.0,1368.0,420.0
232576.6859797938,5097.0,2643.0,3783.0,758.0
228425.36574911172,3265.0,6114.0,2919.0,1303.0
233167.90899973354,4134.0,6862.0,7535.0,2579.0
226569.67307941246,7869.0,9522.0,1760.0,6799.0
233691.25827986075,6056.0,7128.0,7767.0,50.0
224185.9401263064,8648.0,6595.0,1517.0,6471.0
228714.73477306243,1205.0,974.0,801.0,7565.0
228653.1691581499,8098.0,685.0,4565.0,7630.0
238351.55044710296,6613.0,10019.0,10183.0,3605.0
228989.50786787135,10255.0,6782.0,4461.0,9229.0
230785.73935005473,2923.0,8661.0,4617.0,8290.0
228591.31492325503,10174.0,468.0,2984.0,8681.0
232498.77794125027,3932.0,6092.0,8554.0,4413.0
233093.73648249175,7468.0,5364.0,7404.0,2558.0
229480.53394949468,185.0,1377.0,1410.0,6396.0
227784.76453645327,1894.0,9154.0,8242.0,7537.0
224912.14835352395,1366.0,3579.0,6460.0,5124.0
234255.83580612487,748.0,9382.0,4976.0,2288.0
230008.24144357422,5165.0,5039.0,2747.0,5644.0
228802.42433885645,8770.0,5975.0,2398.0,10023.0
227304.836512127,3632.0,2031.0,6238.0,1546.0
233951.91648923882,8491.0,8673.0,10240.0,8598.0
231207.6688112849,2132.0,8970.0,5413.0,9846.0
232027.0766016418,7854.0,5957.0,7033.0,3253.0
232569.98398232038,6856.0,430.0,358.0,3888.0
227950.0796469931,1117.0,5588.0,8771.0,3672.0
234058.88100741684,6588.0,5256.0,1844.0,985.0
229102.23982196508,306.0,8164.0,5364.0,9670.0
236572.5351327517,4120.0,9011.0,8190.0,2186.0
233665.18948025504,41.0,2283.0,8942.0,3215.0
234120.72485714007,4618.0,118.0,3977.0,1267.0
226486.08188617343,7026.0,5532.0,1098.0,3190.0
232917.25781135933,5154.0,2027.0,7191.0,2713.0
227402.17672488044,5385.0,1078.0,7441.0,4753.0
231664.5332616239,2376.0,5167.0,8209.0,6898.0
228867.84615585054,2729.0,2337.0,5625.0,9177.0
228528.09315727788,2473.0,603.0,5806.0,9571.0
227012.46975026667,2713.0,1809.0,8168.0,4370.0
237063.94839865944,6673.0,8771.0,9903.0,245.0
234895.31284710296,3405.0,6672.0,9425.0,2309.0
232491.441349612,3659.0,6013.0,404.0,2449.0
229774.38888069682,4988.0,7452.0,5873.0,6834.0
227162.94505719133,5989.0,4761.0,2588.0,1969.0
230807.504132723,3344.0,4595.0,9263.0,9831.0
228866.98663830457,5046.0,5941.0,4597.0,9245.0
229081.94388995963,7357.0,4864.0,5998.0,6812.0
228759.91985724497,6986.0,2493.0,2731.0,10106.0
229431.47281217904,4706.0,1686.0,9651.0,2833.0
229696.28246323424,786.0,3104.0,7867.0,7218.0
229452.9676509483,1983.0,6876.0,9542.0,2412.0
235678.44057067626,3800.0,9158.0,8626.0,3843.0
225945.28317777495,1954.0,4032.0,7391.0,6328.0
227322.75111855895,1842.0,9744.0,7351.0,6781.0
230356.22327724067,7194.0,4337.0,7925.0,6952.0
232535.26004976375,8421.0,5051.0,5524.0,776.0
231877.53265809812,979.0,4215.0,8747.0,5248.0
230035.13392656154,9598.0,689.0,4458.0,6048.0
230335.390564153,8697.0,7100.0,8069.0,7731.0
228263.62277693095,7260.0,3418.0,7640.0,1741.0
232806.18044254798,7158.0,2703.0,3119.0,2013.0
229223.12894337918,5319.0,4743.0,7282.0,8454.0
226236.2055518156,8436.0,1914.0,7625.0,5572.0
232492.90862166983,4569.0,2670.0,3543.0,284.0
235282.8949739012,856.0,3473.0,8155.0,1872.0
228596.6377193669,6597.0,3717.0,3554.0,7587.0
228720.82902101977,3053.0,3541.0,3778.0,9180.0
234386.71493668467,3452.0,2054.0,590.0,1235.0
232798.12669887542,2340.0,3964.0,10113.0,6104.0
223992.44748804133,1656.0,5148.0,6687.0,6991.0
223370.02233241135,1036.0,5274.0,4626.0,7556.0
231665.5404614572,3724.0,8038.0,9070.0,10272.0
228688.3309317154,9539.0,3397.0,6147.0,9568.0
226290.89151676974,1883.0,9576.0,4917.0,7926.0
228858.29249485928,7132.0,5317.0,2150.0,7285.0
229258.7236393666,543.0,5092.0,6863.0,6940.0
231854.16536895788,1589.0,223.0,1077.0,3053.0
232293.46080847862,4109.0,4991.0,5823.0,717.0
230649.5729579364,10204.0,8164.0,5293.0,6310.0
233481.03686499098,4573.0,9292.0,2461.0,4861.0
223511.43423335606,8475.0,4965.0,1184.0,7914.0
229536.6991045126,6759.0,1811.0,347.0,10260.0
235007.53073171116,4573.0,10083.0,9330.0,9637.0
234965.28904816115,7610.0,1974.0,7226.0,319.0
231689.90891569862,7127.0,5220.0,3246.0,3229.0
230729.94946328536,6317.0,3543.0,6221.0,4421.0
228634.46405511335,7682.0,8102.0,2711.0,1556.0
229857.22613467262,1544.0,9257.0,9147.0,5266.0
229468.99055882756,7649.0,3598.0,6740.0,6737.0
228947.5084626119,961.0,5323.0,5473.0,7818.0
233942.014722642,980.0,8394.0,6814.0,554.0
230420.75344136197,6945.0,10243.0,1543.0,2418.0
230084.72405300252,3444.0,709.0,5836.0,5625.0
233244.85280377473,2756.0,7390.0,7747.0,3250.0
228854.26619586066,7461.0,3168.0,5349.0,9460.0
228045.9126846761,836.0,974.0,226.0,4080.0
232653.11502858743,3201.0,3956.0,9756.0,5986.0
228653.40556112878,5873.0,3730.0,4394.0,9134.0
228787.00921086365,5618.0,4316.0,7240.0,1855.0
234800.76192876257,3478.0,6723.0,10030.0,3341.0
229513.88907854081,2602.0,8015.0,4002.0,8870.0
228248.53610104354,1863.0,5451.0,9279.0,3971.0
234997.54036861812,1249.0,8135.0,1273.0,1196.0
226147.7370105818,9440.0,1676.0,6598.0,3775.0
232234.620633368,5485.0,4482.0,9439.0,5719.0
231611.66949959935,1942.0,8764.0,0.0,9043.0
232048.5685194174,7054.0,5473.0,7975.0,4861.0
237489.45660195014,4618.0,10151.0,9122.0,358.0
231432.456625129,6052.0,2622.0,9736.0,8324.0
231109.56757346072,2160.0,8820.0,5527.0,9202.0
228934.32889592138,6756.0,4721.0,6860.0,9642.0
232894.5688276818,9369.0,5995.0,4470.0,114.0
225822.926590302,8735.0,2339.0,1209.0,5764.0
227896.1233238985,5480.0,7493.0,2829.0,1942.0
229098.0599475845,1472.0,5650.0,1291.0,9957.0
230174.79584239438,10164.0,2720.0,6538.0,5634.0
227005.358587001,5283.0,1747.0,7604.0,5472.0
228748.02635798437,8261.0,4225.0,4656.0,8525.0
230806.54596921647,9445.0,2643.0,2564.0,4720.0
227262.3462729013,10191.0,2725.0,3898.0,1652.0
234397.91006383122,7574.0,8980.0,3159.0,153.0
230411.77876666214,5672.0,7465.0,7830.0,8954.0
234255.59899115478,717.0,7679.0,7587.0,1950.0
234082.0573648188,8734.0,9053.0,9146.0,6559.0
231274.62749564872,2868.0,8085.0,6156.0,5073.0
236516.35130642765,1576.0,5477.0,9228.0,966.0
233220.00177667136,2251.0,9570.0,7433.0,7014.0
226078.7462371691,4728.0,9196.0,1105.0,9551.0
230589.77488435057,9464.0,2711.0,2210.0,5009.0
229746.65417362182,505.0,6365.0,6847.0,5893.0
224654.67616077597,9223.0,1919.0,2362.0,6135.0
226672.61408877678,5887.0,1679.0,8760.0,9702.0
233741.03267652207,2057.0,8631.0,415.0,373.0
228969.98380258054,3266.0,6579.0,6358.0,8390.0
231807.55251943253,7492.0,5894.0,10180.0,9283.0
234474.98447511464,2005.0,9176.0,10197.0,9656.0
232397.9340785737,6817.0,6261.0,5428.0,2210.0
231942.09030507962,9995.0,6381.0,3825.0,3081.0
233875.55611976926,2287.0,8677.0,10226.0,9139.0
225769.04684414677,1299.0,3430.0,7473.0,6484.0
224849.5157410714,5184.0,2359.0,1604.0,8746.0
230053.95491990566,4807.0,2313.0,5994.0,5881.0
231668.3354037101,445.0,7289.0,2521.0,3553.0
237099.84556183088,9701.0,877.0,9974.0,1913.0
230669.0907237618,10006.0,8283.0,4522.0,6822.0
230497.04100502512,7734.0,9220.0,794.0,8730.0
232754.55156206127,1099.0,4688.0,3657.0,1107.0
233810.40891298177,10313.0,10033.0,5258.0,5715.0
231361.32648622754,5790.0,4483.0,859.0,4034.0
228569.44501516523,9987.0,5687.0,6423.0,1192.0
232963.70706937337,7148.0,2419.0,9896.0,5945.0
234757.93997721482,9766.0,6017.0,9307.0,810.0
228791.4911595553,7718.0,5237.0,4911.0,9550.0
226916.09358409475,4547.0,7730.0,1762.0,3421.0
229311.9622828948,5068.0,3175.0,5721.0,6997.0
234909.44984113038,2604.0,2975.0,9911.0,2861.0
233112.51304112855,9093.0,10284.0,6849.0,8705.0
232764.9204640235,4810.0,9758.0,3736.0,6456.0
230336.33377233383,9544.0,4203.0,8705.0,1397.0
227761.72548574893,7803.0,1746.0,7414.0,2959.0
232572.68506857482,2944.0,2312.0,4723.0,760.0
231599.70334803985,6987.0,6735.0,2788.0,3852.0
230493.43904389135,2386.0,6625.0,102.0,5789.0
226000.38599243222,8289.0,1208.0,3821.0,4054.0
228762.47356452918,9598.0,1506.0,1174.0,8923.0
235143.30380267455,4809.0,602.0,9448.0,464.0
230928.4027070635,9878.0,3997.0,4156.0,4473.0
229973.68616262832,4263.0,8105.0,6730.0,8970.0
232083.07008745577,508.0,1006.0,6622.0,5132.0
231951.35083584426,10107.0,9589.0,3564.0,7602.0
228581.02061736296,5777.0,5288.0,6000.0,8664.0
229742.7659428812,7830.0,62.0,7712.0,8716.0
226181.9340526084,3099.0,6922.0,1622.0,3677.0
230664.8162411585,9607.0,6512.0,6439.0,5374.0
231732.55926298277,3361.0,5417.0,3097.0,3321.0
232090.80226933383,7358.0,2915.0,5949.0,2621.0
231532.6533450559,4269.0,4663.0,4299.0,3415.0
233029.38279902862,3010.0,9273.0,3711.0,5030.0
224695.91907100516,1385.0,5646.0,2209.0,6220.0
232626.42401655778,10047.0,5795.0,2024.0,255.0
236030.1018617892,8860.0,9470.0,9134.0,4279.0
229297.77278763862,4765.0,3983.0,2472.0,6579.0
231114.5450379893,9293.0,244.0,9009.0,7758.0
225385.3572244312,2252.0,4446.0,1038.0,4618.0
231384.45424011393,8688.0,4939.0,6784.0,3961.0
228684.56167955,5903.0,8304.0,4080.0,1721.0
229455.2420433466,10281.0,7251.0,2710.0,6855.0
229582.8740312344,2734.0,3517.0,6994.0,6839.0
233860.3772354905,906.0,4241.0,8931.0,959.0
234055.364596052,70.0,1713.0,8127.0,1595.0
227350.34386210077,4511.0,2015.0,6505.0,1052.0
227484.49691159124,4225.0,6893.0,2376.0,1746.0
230370.81351975733,6.0,4397.0,2826.0,4587.0
232963.3672920151,5047.0,9280.0,6653.0,5960.0
228818.71770044367,7458.0,3018.0,5813.0,8854.0
228622.8060750525,4620.0,4452.0,2193.0,8619.0
232737.82362004588,4534.0,5284.0,1691.0,1896.0
231337.56426176438,4150.0,1252.0,1574.0,3837.0
233996.2995356307,3630.0,3220.0,1732.0,231.0
236161.5044601663,5902.0,9786.0,8789.0,4472.0
228876.6412717252,5479.0,5483.0,2465.0,9413.0
233449.8812844419,2356.0,3192.0,1238.0,54.0
228948.04202372223,85.0,2092.0,2735.0,8439.0
224566.72740265485,1354.0,8090.0,6355.0,8604.0
231884.07646058142,9618.0,6822.0,6425.0,3111.0
230874.39211530672,7853.0,675.0,1672.0,6188.0
227065.15710264185,1531.0,2021.0,9008.0,5589.0
227079.1615291673,9853.0,4655.0,4583.0,1846.0
232627.085426431,3600.0,6184.0,1969.0,1346.0
236875.6650702177,1220.0,9877.0,8899.0,1444.0
224862.74673928207,9456.0,2878.0,1022.0,6539.0
229023.05053656382,9782.0,6719.0,2537.0,7949.0
235072.84653764116,8539.0,9492.0,2407.0,2648.0
231620.21435815401,10197.0,2647.0,3499.0,3635.0
230854.85161094545,809.0,5692.0,6473.0,4885.0
230763.5483532557,7528.0,4209.0,8963.0,9510.0
228704.09028725236,7719.0,5955.0,5727.0,9606.0
223634.7262076188,1982.0,5186.0,2398.0,9704.0
229833.94638398665,6141.0,693.0,7898.0,9841.0
234670.01723355424,5003.0,8604.0,7351.0,2914.0
225849.77064911465,1293.0,3758.0,5635.0,4227.0
231811.0751412801,5385.0,694.0,4031.0,3233.0
232571.79085328072,7286.0,5843.0,8703.0,4918.0
229597.10817077683,8140.0,6658.0,3298.0,6471.0
230486.41355096982,907.0,9423.0,5329.0,8363.0
229508.50425136238,1560.0,9747.0,2001.0,2798.0
226790.72607225392,1743.0,7878.0,6132.0,3217.0
228941.1784397314,7847.0,6937.0,501.0,9161.0
230960.13051358247,8056.0,8457.0,3327.0,6510.0
233597.86663210017,9892.0,4354.0,7807.0,2052.0
234746.563797518,107.0,9956.0,8759.0,4986.0
231332.94063194605,6839.0,7117.0,9560.0,9968.0
233823.356742956,7635.0,7573.0,9990.0,5352.0
229921.99119877777,6903.0,6488.0,7685.0,8272.0
231998.3851376154,9819.0,4842.0,8206.0,4831.0
225303.08650338187,9468.0,2567.0,1024.0,6947.0
232836.44725473542,5363.0,4341.0,7149.0,2347.0
230955.7284962818,6181.0,6608.0,8889.0,7636.0
229851.14765437195,1108.0,10013.0,4731.0,2458.0
231304.0708065332,8859.0,5446.0,3515.0,4081.0
233997.23614722668,5256.0,205.0,6048.0,1900.0
228762.99526313294,4616.0,2342.0,2655.0,1291.0
229332.18737111663,8294.0,3037.0,4982.0,6565.0
230976.82520153795,638.0,9679.0,2450.0,8216.0
231285.0147832861,2412.0,3627.0,4314.0,3952.0
233297.2715546591,3172.0,10181.0,7168.0,8635.0
229236.7013999518,4337.0,605.0,2773.0,6850.0
230514.5407408415,6152.0,146.0,8829.0,10309.0
227692.84515614508,7872.0,4879.0,6800.0,1203.0
230703.70460787133,7754.0,7837.0,8212.0,8053.0
225462.34365459942,7993.0,1748.0,7329.0,5996.0
224422.67929511974,8953.0,1616.0,4761.0,9125.0
231593.99121851762,7605.0,5330.0,2753.0,3662.0
233277.06910323657,4241.0,581.0,9728.0,4666.0
228552.7985879371,9407.0,1487.0,9044.0,3245.0
230483.3286021284,211.0,6566.0,3825.0,5162.0
223529.23762303978,7531.0,1119.0,6475.0,9062.0
231443.54533074642,5826.0,8546.0,7473.0,7247.0
231299.53150398986,4717.0,2639.0,8983.0,6705.0
232789.44499124822,930.0,10110.0,2021.0,6116.0
235132.21998878501,7732.0,3079.0,9443.0,2002.0
225090.0411436473,6691.0,1766.0,3675.0,5294.0
223729.12170967212,6390.0,1363.0,4682.0,7118.0
229020.47855920662,2865.0,7874.0,6634.0,1426.0
232076.25482483485,5759.0,354.0,1015.0,5271.0
228753.8249415634,3084.0,3290.0,5804.0,9171.0
225003.1973485135,3263.0,1238.0,4086.0,6867.0
225897.53913722016,1171.0,3680.0,5488.0,4225.0
232366.65711146584,3104.0,986.0,4467.0,2656.0
229540.92044895477,5997.0,8048.0,6132.0,9762.0
232936.95468768504,4834.0,715.0,10188.0,5947.0
230934.38278258606,4174.0,3774.0,7806.0,6132.0
227392.70574007407,9762.0,6707.0,5352.0,1241.0
224188.6876752637,1821.0,7999.0,3604.0,8959.0
227694.8204899678,2426.0,7009.0,3762.0,1867.0
231011.2615738033,5088.0,4110.0,819.0,3934.0
233791.70995941208,5212.0,8792.0,6454.0,3700.0
229488.50947190725,5315.0,7617.0,148.0,6834.0
231377.8991424916,6041.0,9370.0,2127.0,8522.0
224395.83357280577,1016.0,2560.0,4853.0,4327.0
238188.79113284356,1360.0,9853.0,7191.0,174.0
231444.55632138523,6159.0,8534.0,942.0,5374.0
236283.62802991932,6810.0,10218.0,7452.0,40.0
231381.75234166204,7363.0,1697.0,1278.0,768.0
228785.24334027446,2311.0,6379.0,4773.0,8068.0
235783.52827244604,1492.0,6491.0,10202.0,1198.0
236115.41068008597,3407.0,8385.0,9797.0,3004.0
222505.76162749805,11406.0,15616.0,3754.0,25401.0
237585.16024723687,2350.0,17668.0,12439.0,16337.0
238660.06629051865,13345.0,22839.0,243.0,16511.0
234747.39952754157,5170.0,6975.0,16792.0,15395.0
242430.4903471739,13262.0,18476.0,7852.0,34.0
217738.25412602778,23863.0,10015.0,14243.0,24677.0
237995.29941747102,24131.0,15954.0,19291.0,17110.0
235111.2358640332,9763.0,2520.0,15833.0,1127.0
218329.17359486196,18424.0,10522.0,9748.0,23405.0
234403.89584869499,18155.0,16259.0,25561.0,23059.0
227343.8431412629,23468.0,2267.0,7982.0,6165.0
244759.94311571607,18244.0,13133.0,21715.0,11122.0
240146.92081911684,14314.0,16953.0,16184.0,15960.0
250493.36867862716,666.0,16977.0,17351.0,1632.0
251719.28822269654,6811.0,19602.0,20721.0,7115.0
235375.68755874093,2211.0,2166.0,17414.0,15109.0
222087.86633748517,16736.0,15506.0,2684.0,24915.0
239431.68424107405,14374.0,8033.0,15147.0,3204.0
227535.83638433545,18690.0,23553.0,555.0,25708.0
252990.5152538242,20277.0,22632.0,20027.0,166.0
240204.74618628426,17979.0,14424.0,17582.0,1324.0
215643.52893694644,16233.0,3110.0,7826.0,24744.0
243134.79326885656,2603.0,20675.0,8724.0,10155.0
242835.37736244217,16278.0,4244.0,24687.0,10383.0
221927.8604391023,1928.0,14731.0,1894.0,24585.0
245325.20032499274,10074.0,9350.0,20962.0,4265.0
235507.32794728075,25056.0,12051.0,656.0,1862.0
252509.04474392635,13209.0,22680.0,17567.0,8089.0
236683.02372800306,6226.0,3538.0,16355.0,8350.0
235393.58874257366,12895.0,7080.0,14637.0,7895.0
226415.90243098125,17157.0,14183.0,17450.0,23850.0
246979.89546740302,13419.0,23577.0,4285.0,3917.0
244227.33393241986,6041.0,15164.0,18193.0,13423.0
236681.10368449226,17214.0,19184.0,3124.0,13973.0
229588.89666322406,19747.0,14737.0,18596.0,21185.0
224083.6367673469,7075.0,6104.0,22962.0,25176.0
242782.33296425806,7183.0,19673.0,9762.0,8040.0
240293.3269192369,3320.0,5940.0,19373.0,6102.0
233699.86026574494,4419.0,10347.0,23529.0,21990.0
240486.31903092863,10418.0,10785.0,16522.0,13363.0
227884.84762610545,11739.0,4362.0,10676.0,16895.0
242505.8494462296,13452.0,22098.0,3297.0,7804.0
210874.5967334897,17742.0,5018.0,1853.0,22808.0
254683.27365653057,1944.0,24571.0,23361.0,6352.0
250819.3491681605,16471.0,12538.0,24181.0,3449.0
235777.02569504522,20114.0,2723.0,16301.0,3661.0
220084.72693365582,19674.0,1268.0,6434.0,7157.0
224741.38547894088,23175.0,14612.0,191.0,18010.0
243381.74665202535,12737.0,23656.0,639.0,8202.0
226998.65005395256,2235.0,16344.0,6713.0,19479.0
236033.52419631372,16190.0,8176.0,10936.0,3277.0
239486.53206033542,1718.0,21839.0,4102.0,5480.0
210846.07413141977,11656.0,6424.0,1862.0,25390.0
229405.57251698253,3458.0,1352.0,25566.0,20120.0
230831.04396791503,13673.0,5922.0,6328.0,4742.0
238033.73137219422,614.0,4023.0,15962.0,4749.0
252754.16975612412,7137.0,25485.0,10105.0,2369.0
212060.32577405425,5581.0,1165.0,2353.0,24733.0
224582.46165719748,6989.0,5987.0,14094.0,20195.0
221573.527561694,11496.0,10461.0,3046.0,22804.0
230351.1924043989,22678.0,16722.0,2846.0,1004.0
250523.82737520794,21437.0,23415.0,19970.0,1655.0
238939.6888197176,25504.0,20586.0,8497.0,9516.0
245949.00225965757,19387.0,17606.0,18882.0,4375.0
234914.31530605667,3973.0,13628.0,5555.0,11297.0
226746.75420775896,20043.0,927.0,840.0,3599.0
229243.52870261596,19159.0,12089.0,20683.0,22172.0
228090.6445841343,24111.0,810.0,19311.0,18660.0
235489.86328925114,21195.0,3974.0,19518.0,10363.0
255960.91684179884,10510.0,18052.0,25233.0,3538.0
235450.40664255983,24701.0,17798.0,22322.0,20491.0
242388.7314716068,5909.0,20626.0,4898.0,5847.0
248164.0088160973,9467.0,20054.0,17031.0,13736.0
247156.11221195242,7088.0,14029.0,19169.0,4513.0
243747.78869894307,15427.0,20067.0,25790.0,21398.0
248291.52983761413,13043.0,24747.0,6101.0,3473.0
251333.96033412745,17132.0,20659.0,17538.0,835.0
238817.71591915152,13013.0,11557.0,12905.0,8297.0
231910.3987688579,15684.0,6399.0,10595.0,8824.0
228551.04333438005,5652.0,12404.0,1871.0,8937.0
237884.77870072765,6143.0,14804.0,9326.0,8334.0
234807.2124182911,13193.0,10043.0,3932.0,4455.0
226514.4545483548,5312.0,7237.0,4813.0,15302.0
247890.68591566858,5915.0,20397.0,15399.0,9669.0
239963.45490662064,1836.0,17374.0,20484.0,14187.0
214318.56108627436,1804.0,9108.0,10903.0,23739.0
237139.73471174293,13615.0,9833.0,23904.0,19368.0
224317.00123759828,15211.0,7530.0,10572.0,18816.0
249785.92614602137,8850.0,10861.0,23683.0,3384.0
222760.4005117214,4845.0,11314.0,46.0,19820.0
231510.5664297239,9766.0,11617.0,18966.0,21494.0
230230.12691886208,19859.0,20522.0,12725.0,21304.0
232567.50393643518,12521.0,605.0,20582.0,18604.0
239472.21106312776,19841.0,21598.0,5985.0,6686.0
215526.979287651,19956.0,1712.0,19614.0,23488.0
223034.0631180694,3435.0,9236.0,14622.0,23199.0
240959.15873205478,6113.0,3973.0,20503.0,6208.0
230952.88139283043,1461.0,14255.0,8812.0,8918.0
236656.38803560534,11420.0,17022.0,4492.0,7176.0
236547.47055254402,13608.0,8231.0,17813.0,15377.0
252792.23287736686,5132.0,18927.0,24196.0,10163.0
230922.780515709,16922.0,2106.0,3366.0,3267.0
235455.08892334983,14197.0,15615.0,5751.0,11473.0
227277.60145787612,3398.0,16972.0,16154.0,24579.0
251814.06933726915,13645.0,19221.0,18648.0,979.0
247763.86431431814,4368.0,24988.0,8702.0,10784.0
240946.65831578858,15074.0,8923.0,16592.0,5585.0
235019.73159500342,10000.0,14359.0,2260.0,8573.0
231011.6726547197,24613.0,13898.0,5329.0,8515.0
233124.889999153,2953.0,413.0,11031.0,6302.0
237194.5441747386,12151.0,10384.0,23701.0,19717.0
229142.0162907587,18615.0,2931.0,9368.0,12700.0
252075.5028771706,16186.0,22624.0,17698.0,9326.0
225087.8938284736,22072.0,8300.0,2165.0,13999.0
241003.25652484022,7248.0,20292.0,24960.0,22822.0
222224.44366956092,14354.0,19403.0,1072.0,25295.0
240500.10626151125,5415.0,11448.0,14067.0,6343.0
236163.02688373407,4833.0,8334.0,12085.0,6041.0
233283.76369097843,7849.0,10633.0,21976.0,21376.0
219132.10318403723,22724.0,16063.0,9431.0,25425.0
242658.0508896593,5985.0,16702.0,17124.0,1411.0
259395.53210806745,2611.0,22684.0,22049.0,2882.0
246107.74311788016,25220.0,22809.0,13949.0,7392.0
217117.29850563259,5836.0,5596.0,2131.0,22905.0
232538.3308252688,9599.0,6738.0,16125.0,16039.0
250934.0402268593,25170.0,23074.0,19520.0,11336.0
226797.4423814843,21077.0,14088.0,1589.0,5816.0
244431.87792097582,7247.0,23517.0,4686.0,11919.0
227772.87436185297,8256.0,6339.0,4395.0,14263.0
236425.1977678416,14224.0,16201.0,8069.0,14050.0
232256.23977869053,16532.0,9812.0,17282.0,18909.0
232562.22581101084,15832.0,9965.0,19494.0,19978.0
238233.04478077558,8208.0,19363.0,7085.0,14653.0
257476.87991333744,19010.0,25734.0,23843.0,11776.0
238364.99518970223,25619.0,17420.0,12855.0,10132.0
238847.19858907533,21686.0,5297.0,23855.0,12185.0
243064.79150566537,5608.0,19355.0,10996.0,11004.0
233603.94078904061,7370.0,6410.0,8585.0,3242.0
247938.26783245915,11681.0,3095.0,25553.0,2186.0
241372.74655884938,25687.0,25287.0,5780.0,1299.0
227725.05449604566,16888.0,5166.0,4780.0,9411.0
250395.4012395063,12692.0,15424.0,24982.0,9898.0
227575.85151432842,9159.0,17170.0,14144.0,23260.0
225293.83061077914,13085.0,8400.0,1985.0,9127.0
227004.44581893724,212.0,16007.0,11198.0,21316.0
233759.20582834198,12013.0,24420.0,3868.0,22370.0
228628.46713741773,22756.0,3326.0,10980.0,8302.0
247337.44238550458,12600.0,24363.0,14613.0,16073.0
242642.34344161188,9418.0,9803.0,19616.0,9570.0
245311.60176093705,2077.0,248.0,23577.0,3248.0
224865.6456991928,13209.0,6865.0,15401.0,20672.0
255295.80831758035,18155.0,23732.0,22456.0,11028.0
241908.92754475985,6070.0,6847.0,22698.0,12504.0
234268.71330863118,17971.0,7159.0,16236.0,13465.0
225229.21443143985,13370.0,18899.0,532.0,24410.0
242473.00606725054,7075.0,13139.0,14836.0,6100.0
245576.8743458231,19600.0,20648.0,22894.0,17510.0
244971.4410588822,10897.0,9867.0,23567.0,14310.0
243483.34595231342,16116.0,14052.0,19794.0,1386.0
255260.70958365776,8203.0,22036.0,23593.0,1842.0
225317.75843694204,1696.0,6650.0,7032.0,6252.0
234323.29376722462,14668.0,20551.0,16433.0,23017.0
241533.1935255611,16206.0,19524.0,5689.0,4581.0
235471.9892649528,24946.0,3292.0,17853.0,6010.0
245192.1415372046,3953.0,4936.0,24546.0,4724.0
216734.21149264448,8040.0,6331.0,8430.0,23136.0
231453.34525957235,21741.0,3284.0,14612.0,11421.0
230513.24579272667,3143.0,8283.0,6999.0,10455.0
244021.1519783413,886.0,12814.0,20794.0,13128.0
228765.35099956978,9498.0,6065.0,2574.0,11648.0
243301.65848630425,25215.0,16006.0,24892.0,15746.0
215001.30235906222,25246.0,5012.0,3799.0,19827.0
207805.67112983842,20006.0,1834.0,6318.0,24285.0
225824.79689360564,13843.0,1650.0,11993.0,14684.0
237641.77986064457,16350.0,8204.0,16718.0,7411.0
219306.07322031367,20591.0,2792.0,16903.0,22599.0
235276.63932791914,21429.0,20056.0,12732.0,18237.0
228600.84631857267,22618.0,1662.0,13973.0,3703.0
236285.62170565387,16272.0,23598.0,19186.0,25235.0
235225.20314601404,236.0,15256.0,21361.0,20870.0
233536.0563350901,3812.0,10322.0,7014.0,11376.0
216548.62680522588,20214.0,493.0,7337.0,19762.0
227466.74250668086,17805.0,20045.0,7844.0,22343.0
240090.9430282444,15505.0,21781.0,1666.0,3933.0
233671.4608095706,5876.0,11575.0,2242.0,9262.0
243206.39526380398,16585.0,11840.0,21416.0,1935.0
222228.78395264052,11589.0,14537.0,3496.0,24897.0
234961.43974490496,10138.0,14504.0,15601.0,18496.0
247841.42581702696,16734.0,20978.0,17229.0,14876.0
230637.32506163468,797.0,18396.0,8961.0,19777.0
227850.53029338756,1775.0,10717.0,9566.0,13922.0
223791.4478442115,21061.0,12212.0,21108.0,25527.0
238509.85204174943,591.0,18103.0,597.0,8796.0
247346.9307198437,18741.0,24601.0,14261.0,14659.0
233818.78818823406,22239.0,20686.0,14388.0,19841.0
229912.6203879404,1076.0,17316.0,5260.0,13609.0
249283.9117516003,1284.0,4009.0,25733.0,630.0
246748.4901330149,10038.0,11184.0,23551.0,11544.0
234197.56071394592,2275.0,10261.0,3959.0,6009.0
236251.45071552854,13763.0,23328.0,8749.0,19992.0
235978.0550954408,5884.0,24331.0,14210.0,23315.0
236960.1925048531,11579.0,15498.0,8268.0,9664.0
235206.8091794148,8223.0,18631.0,1065.0,5726.0
226343.38078388033,23579.0,6697.0,6712.0,5881.0
235866.3833695598,15316.0,15061.0,8405.0,13842.0
245622.76153659142,6276.0,16029.0,20743.0,1536.0
236106.17029627322,16160.0,4686.0,18146.0,14550.0
243678.84995875988,18050.0,10943.0,24072.0,1198.0
218923.36436558227,11632.0,6080.0,9581.0,21422.0
243440.3515792888,22855.0,9403.0,22551.0,3306.0
226121.35125677517,19097.0,6679.0,5182.0,7990.0
243220.60182347256,6979.0,22642.0,19526.0,20393.0
219582.31984304832,1508.0,6727.0,2941.0,16468.0
253417.31403046413,20338.0,23746.0,17566.0,2105.0
223260.8305805895,25499.0,5389.0,16701.0,19806.0
242829.87873631556,14569.0,556.0,22073.0,5049.0
234419.1377654666,3594.0,7713.0,13042.0,9167.0
232644.80654947742,6037.0,2593.0,2160.0,830.0
222878.9274090966,6252.0,14066.0,2730.0,23407.0
248932.64840404797,24859.0,20921.0,24216.0,15434.0
252883.32805017036,10323.0,20021.0,21629.0,12728.0
238796.93641298442,13687.0,12567.0,14407.0,1693.0
234107.3951305479,24743.0,15493.0,9552.0,10771.0
235140.4806108733,20063.0,8905.0,17393.0,14573.0
242761.43698992595,11012.0,3825.0,20908.0,4065.0
241696.02641638482,11692.0,17704.0,12007.0,8439.0
224364.23796187018,20711.0,13632.0,17545.0,23595.0
249661.59830693863,11045.0,17147.0,22947.0,9814.0
247903.01813833436,3110.0,25397.0,5603.0,5216.0
250768.55395420393,3518.0,25463.0,12099.0,7411.0
240998.33225148593,10304.0,6465.0,16760.0,906.0
237598.45302618222,9948.0,10245.0,9644.0,4666.0
257034.0587428989,2382.0,19330.0,25015.0,3593.0
230574.08764431634,13361.0,7665.0,7937.0,12367.0
245903.25518792283,19888.0,12937.0,25048.0,7097.0
247867.31056231118,5054.0,23702.0,15963.0,16786.0
236164.6347100518,23631.0,8791.0,17779.0,11564.0
243764.50329883545,6076.0,15665.0,14758.0,5288.0
245028.45755814217,2073.0,18273.0,17150.0,14763.0
234622.5735755776,15213.0,13831.0,6310.0,12898.0
239367.83253531283,13749.0,19804.0,1004.0,2461.0
220370.93275141795,10349.0,3756.0,14050.0,22893.0
228452.836919961,24020.0,4410.0,4132.0,950.0
261074.9162900097,9837.0,25432.0,25063.0,10632.0
225873.74572230104,5373.0,16052.0,6011.0,19854.0
246006.78068358873,11980.0,10547.0,20273.0,4929.0
237757.8296936887,10814.0,12393.0,7897.0,40.0
222847.17492672012,24492.0,7876.0,14590.0,19435.0
225644.48675803663,23535.0,22220.0,7774.0,25507.0
224854.7582672472,2129.0,7123.0,1204.0,8390.0
244885.41214379368,4504.0,19296.0,14651.0,13898.0
253645.9780465363,22354.0,22379.0,24433.0,9446.0
240055.72793454406,468.0,17992.0,6395.0,3090.0
243344.71906213157,19186.0,25406.0,2193.0,9343.0
252825.09309328455,12957.0,20667.0,17171.0,3436.0
246891.86082114055,17565.0,25275.0,6921.0,4885.0
232860.4622421213,22531.0,16493.0,3743.0,6675.0
238534.44886913287,7963.0,5063.0,20348.0,1178.0
230757.95169186968,22971.0,15890.0,5492.0,13917.0
227532.11553844143,8365.0,923.0,15597.0,19435.0
246471.40674183963,14140.0,16102.0,16318.0,3757.0
226188.0431782444,3653.0,15540.0,15661.0,24398.0
245742.13086200456,13713.0,9706.0,20824.0,4344.0
240771.4417578162,11142.0,22923.0,9898.0,17845.0
224188.24387168515,859.0,4470.0,20458.0,23941.0
226250.48593926374,682.0,14532.0,13189.0,22059.0
229844.28681093125,22883.0,8392.0,2432.0,2909.0
218941.52036203226,9842.0,8021.0,12426.0,24233.0
239029.56393495607,23424.0,11533.0,18088.0,7422.0
252175.52148420268,20094.0,18306.0,23243.0,2242.0
222932.94758003743,22578.0,828.0,8106.0,16479.0
229519.34393016566,7275.0,9963.0,9216.0,17461.0
234052.20048217583,23097.0,22903.0,11066.0,19746.0
234706.35532836782,11430.0,12041.0,24291.0,22378.0
236086.06517724352,13733.0,10609.0,22949.0,19958.0
237451.88517408,3933.0,14849.0,11048.0,14796.0
232718.8371251033,1919.0,2288.0,17761.0,11208.0
243115.90511334516,19662.0,21738.0,10066.0,5926.0
244957.0381590662,13806.0,15153.0,20718.0,14951.0
220512.94641304054,22332.0,16790.0,8214.0,22977.0
246033.6069651464,6078.0,7800.0,24637.0,4410.0
249792.39687662644,18189.0,21540.0,23577.0,16512.0
239557.88692003113,14333.0,12251.0,21126.0,18022.0
251662.1379785094,18568.0,24689.0,15706.0,5177.0
236283.62973034658,21851.0,7438.0,21561.0,1757.0
234760.51158579809,2754.0,19600.0,17645.0,22738.0
221639.06400765726,9648.0,11910.0,9533.0,23678.0
241225.93710760874,15141.0,18892.0,23927.0,20659.0
250960.05647913236,8276.0,18057.0,22575.0,7303.0
249557.19372504685,5725.0,20975.0,21621.0,16302.0
230521.82780436598,24333.0,12623.0,24942.0,22944.0
228964.147487936,1017.0,15477.0,10931.0,16724.0
246847.31113394586,20322.0,22954.0,14629.0,7599.0
226361.7765130912,18292.0,5422.0,5750.0,13306.0
230872.12319013846,8544.0,3605.0,5605.0,4531.0
246398.84206497777,18817.0,18469.0,18341.0,6703.0
234388.3442910088,6348.0,19238.0,265.0,16491.0
238176.4785270942,23951.0,20472.0,6452.0,10788.0
244815.87176555264,4841.0,8525.0,24306.0,10510.0
234777.19693778505,15821.0,22889.0,1491.0,15786.0
251435.84790156272,24739.0,25715.0,17802.0,8747.0
243342.83234080716,20102.0,13486.0,18313.0,3844.0
240703.90670400023,10451.0,23260.0,24764.0,25565.0
232083.91696783036,13177.0,10891.0,10255.0,15959.0
255729.67496515703,4496.0,19387.0,22698.0,2668.0
224215.62823198395,16043.0,5335.0,5552.0,16564.0
218916.69029620258,22052.0,10380.0,2585.0,20081.0
246407.3957082544,21996.0,24912.0,23357.0,19345.0
221268.00018940758,21584.0,12702.0,1379.0,14915.0
244877.83581297353,10415.0,14411.0,16933.0,5151.0
240309.05706125448,22832.0,11054.0,18668.0,6082.0
251998.34797750277,7291.0,25674.0,13731.0,12857.0
248506.75819804994,20023.0,18429.0,23379.0,13069.0
248498.73364138647,23018.0,18996.0,23587.0,7325.0
239093.9411445918,19341.0,16778.0,15267.0,13513.0
231075.64187263077,24810.0,15.0,13902.0,10458.0
235000.15836507172,18671.0,22383.0,15161.0,21901.0
225114.73742343832,13397.0,12544.0,1112.0,14845.0
257195.3061473225,23603.0,25343.0,24758.0,7128.0
230198.16066294842,1328.0,20792.0,1588.0,20795.0
246712.7653238964,16197.0,20228.0,14612.0,8029.0
247792.1142634482,7583.0,22268.0,14729.0,14765.0
245405.6026181788,10394.0,15022.0,17460.0,10674.0
224862.38901615606,21005.0,4811.0,18743.0,20006.0
232632.08362194398,23606.0,14772.0,5286.0,5796.0
237859.57229075822,9661.0,8416.0,24232.0,18262.0
233424.0577481664,17835.0,10857.0,12854.0,15342.0
250134.11242445887,2546.0,21149.0,16652.0,10823.0
229986.7052063004,8056.0,5113.0,2342.0,5988.0
238092.31481203702,12732.0,24677.0,7545.0,18981.0
253464.4421154124,5690.0,20622.0,19231.0,4673.0
234974.53668271852,5475.0,13976.0,25512.0,23360.0
223449.19586937546,21985.0,5800.0,2696.0,1916.0
232490.35887025498,8278.0,26920.0,13369.0,27741.0
219367.9687327634,15502.0,3918.0,16767.0,24824.0
242652.45543809744,25329.0,22584.0,10155.0,10096.0
238269.41829524116,38567.0,7054.0,20266.0,378.0
237794.43631195466,23172.0,46728.0,21191.0,51077.0
240258.4328500532,1598.0,16940.0,18699.0,8373.0
261750.08660615332,5708.0,14690.0,44324.0,9742.0
223543.22273043348,2077.0,31520.0,4227.0,48537.0
232407.5143221234,20817.0,16603.0,2256.0,12456.0
282967.8659939881,36007.0,35547.0,39999.0,3929.0
229491.45408975726,40037.0,9251.0,43949.0,31086.0
242549.8131479428,20394.0,24525.0,28776.0,24450.0
233496.7277734124,39231.0,28041.0,33126.0,34302.0
231891.66272820576,47366.0,22678.0,34536.0,28627.0
300577.35443347483,55.0,48050.0,46188.0,248.0
236114.4749577782,32645.0,38186.0,24565.0,39915.0
236215.23762826374,44485.0,42979.0,28479.0,39034.0
270269.09468352946,2672.0,31350.0,51465.0,20593.0
269644.20592516486,22822.0,47155.0,17739.0,9806.0
278264.34323518607,13922.0,46686.0,16027.0,1499.0
241331.07333808238,24350.0,46430.0,6365.0,43660.0
235982.0171549789,17631.0,12081.0,41896.0,29740.0
233717.10105179923,20227.0,1524.0,23930.0,10923.0
292116.45106699097,4372.0,47902.0,40494.0,11599.0
204583.0718495884,49460.0,3925.0,41060.0,43687.0
278189.2383911904,5926.0,38186.0,25493.0,7641.0
222817.59811729568,33001.0,3685.0,25207.0,24094.0
227907.50856825503,29934.0,2135.0,9070.0,5718.0
233794.44446482285,38275.0,44661.0,28805.0,51044.0
236263.75128836537,17332.0,20113.0,12809.0,18760.0
212587.19352385905,26146.0,4792.0,47135.0,46930.0
249274.84998260534,37466.0,33217.0,14169.0,18555.0
238687.2289801571,26753.0,21965.0,6047.0,9100.0
235712.90635939976,22857.0,33208.0,29003.0,34108.0
215836.4842850359,37470.0,18769.0,33658.0,44723.0
246634.0954624164,16317.0,38608.0,36034.0,42765.0
208218.32178995924,29901.0,4772.0,37105.0,42787.0
234333.92074727276,35374.0,4375.0,30107.0,19047.0
245575.5401817425,4188.0,31409.0,44352.0,34115.0
232873.56825298918,33843.0,31110.0,14803.0,26694.0
247444.90906351045,39749.0,9578.0,27386.0,3918.0
247156.57327430692,46408.0,21076.0,26283.0,10266.0
202590.56486204083,45707.0,18306.0,10780.0,47848.0
235322.4133112027,21788.0,28393.0,47762.0,39728.0
221611.91794735004,23213.0,16986.0,45435.0,43067.0
237303.23757891156,7428.0,40542.0,4897.0,48167.0
245989.7079423122,11469.0,7974.0,43344.0,20002.0
265948.4836776953,39323.0,41237.0,28629.0,21634.0
241690.45031730804,49172.0,33940.0,464.0,5724.0
260783.65050556933,39013.0,48853.0,30828.0,22860.0
275870.35965325194,13612.0,37303.0,26886.0,14655.0
239784.63638768802,24456.0,25822.0,25034.0,24954.0
272918.81736805756,6794.0,30345.0,34770.0,12534.0
249639.4815340415,42548.0,2285.0,50681.0,17645.0
212629.87661180904,40807.0,7688.0,37942.0,38115.0
219655.89064638378,26421.0,11393.0,50932.0,45589.0
240583.09737765996,51068.0,13816.0,32838.0,16479.0
229784.7975503326,38168.0,31100.0,601.0,28548.0
251614.18515892533,28669.0,50113.0,36026.0,35732.0
245775.51989613296,24996.0,22463.0,15073.0,13326.0
254245.98456801046,25426.0,50078.0,1841.0,23077.0
248709.68788570465,40997.0,8888.0,38869.0,15801.0
241265.34853052333,31650.0,29072.0,1142.0,4250.0
250433.42370664005,5258.0,20082.0,18257.0,7172.0
212316.55135515795,9731.0,4952.0,3452.0,29652.0
278010.2539075188,5790.0,37874.0,25740.0,7464.0
235345.23702104666,32569.0,7193.0,18776.0,5378.0
237887.21600438075,32642.0,34255.0,18338.0,27710.0
221537.67249916706,34719.0,27453.0,21075.0,37547.0
236675.95343127448,46934.0,12216.0,36643.0,20069.0
217587.6052147385,21050.0,22155.0,4624.0,38959.0
241557.9219865738,44507.0,50728.0,35189.0,37591.0
285411.360528411,17051.0,43404.0,50666.0,19998.0
256716.59330253137,49561.0,33264.0,46013.0,25157.0
247885.44275284556,14473.0,17303.0,41616.0,24524.0
226977.4757977906,27810.0,36065.0,27015.0,47497.0
282407.4572546765,45550.0,41338.0,38456.0,613.0
230954.5987756494,47408.0,8332.0,21169.0,10271.0
205083.55992693757,20218.0,3511.0,38365.0,49167.0
241260.7499535161,27608.0,43038.0,21417.0,45148.0
255524.4280201364,2320.0,38660.0,51584.0,38095.0
253793.77763904954,24959.0,42656.0,22235.0,27378.0
217464.6914375736,121.0,16388.0,40205.0,43956.0
271159.6262082446,29026.0,36012.0,31599.0,16081.0
203612.94802697253,7086.0,3228.0,1025.0,33276.0
208244.48651161345,4971.0,7447.0,26800.0,42185.0
220783.92599282865,45007.0,25693.0,10812.0,30748.0
278232.96775491594,13087.0,29183.0,50396.0,11940.0
249952.05820136218,18019.0,13896.0,32981.0,16243.0
212210.42786201634,47342.0,16276.0,36231.0,36459.0
250912.0875834249,36193.0,23190.0,24799.0,16791.0
209511.2443879807,14380.0,17997.0,24385.0,49089.0
226442.1316456865,37220.0,31908.0,11846.0,37217.0
207864.8227638634,10585.0,11142.0,17546.0,45475.0
244651.6067469965,45464.0,14819.0,35263.0,16678.0
248607.1150726458,7629.0,24087.0,10990.0,6949.0
222903.54741214451,34497.0,28252.0,36207.0,46803.0
290593.71422899724,1996.0,50118.0,32773.0,1727.0
239765.60838113065,23657.0,630.0,30207.0,17334.0
237448.85903302298,12374.0,18017.0,38520.0,30871.0
274775.1363760865,37080.0,36290.0,26684.0,4071.0
228861.20039966298,30372.0,4930.0,12907.0,12171.0
271580.21009386587,34817.0,48555.0,35549.0,20045.0
284853.0891486346,15486.0,49271.0,21897.0,1615.0
254329.31035959136,44440.0,35085.0,15829.0,11853.0
265263.0878918179,8424.0,25986.0,28270.0,5235.0
252551.48406386646,49754.0,49971.0,50506.0,34543.0
219125.6816917661,23568.0,11782.0,2175.0,21669.0
300781.9048414482,2281.0,44426.0,46208.0,673.0
211446.77743225274,14269.0,17460.0,4159.0,42904.0
269610.61095501704,3968.0,47777.0,12474.0,10660.0
255335.88767628206,19581.0,22694.0,25940.0,13148.0
236969.93094278147,44351.0,35874.0,43753.0,47547.0
270274.5857809747,4575.0,33234.0,26768.0,12687.0
273923.6122532786,6997.0,34859.0,28546.0,12917.0
253813.52081708543,23898.0,36590.0,19503.0,21841.0
206515.37901544044,8151.0,11383.0,3689.0,46546.0
221271.4439813633,49181.0,28396.0,27331.0,33878.0
241123.1319899461,42475.0,49709.0,41562.0,50803.0
278850.61967545596,19439.0,49797.0,23033.0,977.0
226636.47036685588,16161.0,19385.0,14830.0,25925.0
229387.70360001622,24621.0,5850.0,10481.0,5940.0
248151.5644370032,15861.0,49823.0,20294.0,43511.0
233683.9346129434,35026.0,22771.0,50202.0,37233.0
240406.70109391896,21110.0,36124.0,20530.0,30947.0
263804.33810223767,17463.0,28350.0,25647.0,5106.0
219736.36495939954,47656.0,25303.0,25481.0,32960.0
242068.84805312435,48629.0,43511.0,7961.0,22210.0
245651.76452069895,23737.0,20392.0,21288.0,15166.0
253166.2174597044,46990.0,26594.0,41502.0,20855.0
280760.7012758764,36815.0,39674.0,29880.0,12377.0
214462.95669190484,26780.0,2838.0,24126.0,29757.0
236490.39185693508,22511.0,37588.0,6866.0,38487.0
209525.38036985972,6292.0,8783.0,12229.0,40316.0
256898.69635249182,28698.0,50906.0,49818.0,39631.0
286079.95094580215,38232.0,48325.0,41069.0,47.0
204784.78565197808,11623.0,9241.0,23003.0,47246.0
262445.00770119554,28421.0,20026.0,39809.0,1026.0
213622.3872081821,29180.0,24613.0,15090.0,48032.0
224204.6482215123,45178.0,3897.0,43568.0,29196.0
271036.0074542718,32075.0,49204.0,22150.0,15478.0
225255.63471610492,20077.0,6041.0,3591.0,12015.0
263060.0383881099,19468.0,47105.0,11162.0,14821.0
287453.2843319875,23104.0,39319.0,34371.0,71.0
258623.71075666058,21727.0,48131.0,49556.0,36708.0
203429.10653951275,14317.0,7631.0,327.0,45172.0
283450.63796541444,29571.0,51000.0,33557.0,15004.0
277188.48313279194,37498.0,39748.0,23070.0,4621.0
290539.40258785663,13972.0,39540.0,33637.0,588.0
213654.24168422658,8322.0,7815.0,45339.0,48151.0
228213.83062334088,18498.0,25834.0,34991.0,40317.0
241503.34212644727,13239.0,6908.0,22255.0,8118.0
240691.4546230104,46978.0,39596.0,39589.0,38178.0
264003.8496300583,4052.0,25218.0,29946.0,13600.0
222916.03340156717,32567.0,33924.0,18576.0,48323.0
233102.6001732107,32958.0,36170.0,30067.0,41479.0
240852.99066299738,23754.0,35128.0,29843.0,32746.0
210021.67266815423,26369.0,15840.0,13879.0,39253.0
236355.35552365755,4487.0,5805.0,14397.0,5950.0
213617.52596527265,50642.0,25605.0,4090.0,40537.0
240019.23773991686,12191.0,43023.0,19441.0,40492.0
201432.4495932481,35170.0,6016.0,31348.0,47477.0
240650.99363819495,17403.0,7771.0,45529.0,23274.0
225208.23127265534,38069.0,7954.0,5176.0,14447.0
252852.97443444605,13156.0,42268.0,50100.0,50668.0
267187.2666155895,31521.0,38998.0,16080.0,8450.0
201583.5020939452,32175.0,13351.0,16770.0,51401.0
252706.657058919,48684.0,19425.0,34571.0,4858.0
268804.97279565723,9609.0,38172.0,13724.0,10372.0
262462.51251851756,13482.0,13376.0,45693.0,8963.0
252225.2110817279,4742.0,16942.0,23135.0,4127.0
246408.97485892862,7680.0,2963.0,24274.0,2707.0
241018.26662025388,4988.0,35880.0,3928.0,31358.0
201122.3597672806,43180.0,15406.0,17856.0,49592.0
215993.5452331291,20539.0,6751.0,3135.0,19440.0
217378.97678571756,732.0,25898.0,14918.0,50245.0
253460.29235594653,27968.0,31835.0,21387.0,17890.0
260209.84418247323,48863.0,18234.0,44202.0,1561.0
205070.3945772807,37720.0,1119.0,1851.0,32308.0
255517.24653152944,1209.0,48286.0,20821.0,29385.0
270878.4397471767,24623.0,44721.0,44565.0,27154.0
223065.91504455343,45117.0,32612.0,7462.0,43820.0
205482.1494480757,46408.0,4326.0,4611.0,24010.0
268273.2755234522,47099.0,37105.0,35564.0,16896.0
260580.26217073257,49943.0,30238.0,31661.0,3952.0
278688.4209272865,5228.0,30070.0,44140.0,4179.0
235226.4036296108,7966.0,34871.0,18331.0,35364.0
228469.88538450244,18339.0,32031.0,13173.0,35657.0
254907.60854976854,3188.0,3518.0,43443.0,7510.0
252442.08765270337,6485.0,22014.0,18091.0,6558.0
248020.32675352876,44831.0,50276.0,51509.0,42957.0
255403.96507798982,13161.0,37585.0,41168.0,35524.0
255048.1276148111,33741.0,21982.0,26980.0,10270.0
270433.2043831998,15594.0,48592.0,15517.0,15448.0
235283.93054832137,32202.0,7688.0,50057.0,25927.0
265762.52258842415,40645.0,30917.0,47514.0,21064.0
244054.36005783387,33880.0,38538.0,4856.0,29249.0
222652.12508652182,46639.0,21812.0,45480.0,50572.0
235607.55328512655,22021.0,43398.0,11490.0,37786.0
237544.10685928454,51376.0,30236.0,6299.0,10598.0
244526.01949290876,4921.0,48635.0,24879.0,36606.0
258095.69970120097,18591.0,30005.0,30521.0,18967.0
228563.8517751067,695.0,14350.0,11508.0,19760.0
246021.11690926275,27665.0,48228.0,37564.0,47209.0
253315.1694053253,17515.0,41533.0,2220.0,22201.0
226894.1209299387,32132.0,9605.0,42099.0,31895.0
243934.49062566351,44842.0,41662.0,23808.0,29476.0
198506.67276660976,29493.0,1156.0,19896.0,39292.0
213556.0197525058,45329.0,17500.0,37102.0,38862.0
219166.46102408992,6424.0,6754.0,27652.0,31194.0
228004.45939038313,51556.0,45906.0,4936.0,47229.0
245238.09350521144,3213.0,25603.0,3885.0,13984.0
229845.1098678731,14044.0,31793.0,11645.0,36978.0
225849.50363858682,8438.0,10094.0,39671.0,34476.0
269924.3102660872,1519.0,40836.0,1329.0,2150.0
269281.2406790004,49185.0,45374.0,26911.0,13567.0
234852.63791760532,50372.0,38121.0,16911.0,27725.0
246122.1742590488,9167.0,13842.0,46050.0,24494.0
203975.73593229117,50469.0,14452.0,1515.0,33637.0
213092.73336850756,14168.0,1992.0,35887.0,36394.0
239708.95630513757,22516.0,39109.0,4344.0,40800.0
222185.21545262492,18203.0,14035.0,511.0,19811.0
230918.16912393304,48567.0,6234.0,33031.0,18929.0
292411.8168061776,4715.0,40455.0,36157.0,3643.0
269866.3589837466,35450.0,42466.0,51001.0,27170.0
235669.4686270537,42382.0,24994.0,47259.0,36097.0
262141.31874262876,6317.0,46629.0,20851.0,22085.0
211775.45685115826,9055.0,11275.0,17507.0,37195.0
215335.24676011995,32712.0,10014.0,9434.0,23534.0
266182.76850035856,27152.0,49744.0,7067.0,3680.0
227325.42308730414,6669.0,33676.0,22409.0,49630.0
245234.13289335315,9852.0,47782.0,2997.0,46072.0
230435.3177833956,37663.0,29650.0,34915.0,40415.0
220186.21948086997,10904.0,19457.0,21821.0,33382.0
244765.758868727,18776.0,7217.0,25043.0,672.0
241200.03205991318,16049.0,46444.0,22782.0,41646.0
257974.94105032945,12437.0,41212.0,46425.0,36602.0
244615.86710594242,49366.0,8383.0,39697.0,14215.0
220840.0024204993,46352.0,4134.0,7849.0,5462.0
263515.9521109044,49603.0,34584.0,30853.0,7340.0
263904.08502446243,13990.0,26159.0,25205.0,222.0
251791.11009621472,35609.0,38683.0,18918.0,25069.0
212465.88216138116,23892.0,5410.0,5000.0,23743.0
251088.34999503798,8844.0,7689.0,46659.0,18438.0
245371.65836532784,26577.0,46108.0,6118.0,27130.0
237916.6118078569,10658.0,4602.0,16604.0,5976.0
226153.5995921965,34368.0,18639.0,48570.0,44596.0
241068.86480006916,6379.0,32158.0,6057.0,21825.0
241223.78571079214,40327.0,16568.0,15224.0,4619.0
219283.91793684158,11575.0,122.0,49876.0,38874.0
217480.4068768441,41179.0,28274.0,11487.0,49640.0
219272.28804489036,6933.0,10197.0,36196.0,38738.0
257083.63914691375,19117.0,26381.0,27612.0,15783.0
211912.14200236127,26997.0,7683.0,15730.0,27152.0
219178.02800824054,29485.0,22307.0,8939.0,32653.0
235399.6841871357,29297.0,39861.0,24268.0,45104.0
227127.98436349622,38312.0,34974.0,28421.0,51395.0
240665.14616267578,3406.0,1845.0,28132.0,11356.0
211121.59991552716,7089.0,16891.0,10757.0,44662.0
233105.0195232258,46926.0,11729.0,20403.0,13397.0
218314.69347396,38512.0,12878.0,33232.0,34759.0
201934.47542098057,29762.0,13817.0,4909.0,49869.0
247979.17856653788,32244.0,33882.0,19587.0,21254.0
270164.2575773706,31407.0,27590.0,40722.0,9213.0
231188.1255151976,30161.0,37408.0,31693.0,47432.0
253709.23015457948,36800.0,20843.0,42658.0,22226.0
240251.34423483393,51411.0,28129.0,44901.0,31246.0
253778.5781753889,47124.0,25717.0,40332.0,19532.0
232252.61754436154,3217.0,35295.0,1154.0,39325.0
264167.08604819025,36649.0,22095.0,36121.0,5577.0
220396.76122014158,32500.0,32573.0,12496.0,49440.0
231124.1044817966,3913.0,6548.0,23255.0,20691.0
235335.30104321337,34295.0,47580.0,22701.0,49682.0
229647.47445847254,15750.0,30749.0,10211.0,33972.0
284505.52020138793,33114.0,48199.0,39668.0,15596.0
207435.98935135748,47110.0,7095.0,41719.0,39561.0
223954.21608456448,16124.0,18550.0,35317.0,38037.0
256017.74783787868,9708.0,5687.0,40505.0,8478.0
217145.8546754257,35933.0,7437.0,27198.0,29628.0
237923.20477846122,43710.0,180.0,33984.0,10390.0
246565.85331336697,32816.0,25949.0,13073.0,13103.0
229164.1802371753,44915.0,36045.0,25177.0,43220.0
219217.89113928462,34427.0,26794.0,2813.0,45535.0
232126.95062228807,39752.0,51383.0,18967.0,49780.0
245176.57269121832,16738.0,21650.0,7115.0,3677.0
250310.92877550752,49102.0,36784.0,48749.0,32093.0
215284.11752147102,38564.0,15613.0,1699.0,21547.0
247048.4445320634,24022.0,39272.0,9009.0,26542.0
220819.2225143196,20885.0,7047.0,49450.0,35026.0
259597.73311948913,18160.0,51395.0,44813.0,41039.0
245004.37356772347,3381.0,47734.0,6912.0,32670.0
249294.54750215242,6823.0,9475.0,34278.0,17215.0
238156.2102456323,9066.0,41396.0,5125.0,47425.0
260249.25185002064,4668.0,21370.0,26522.0,5107.0
206325.19950338098,22607.0,9047.0,15730.0,34577.0
257374.17685733814,28811.0,21451.0,29722.0,7806.0
252960.3496462033,6435.0,48822.0,27682.0,32434.0
264185.6995656636,38430.0,17806.0,47591.0,108.0
252391.2527663875,19056.0,42347.0,5543.0,21831.0
240303.7080089704,47407.0,20946.0,18996.0,13232.0
262201.09399458906,22547.0,40946.0,35079.0,28767.0
222563.6987028773,10527.0,1727.0,43403.0,36199.0
229052.5505162008,8115.0,30214.0,15493.0,42255.0
244202.66961635256,9389.0,35183.0,27281.0,32335.0
226604.4105539104,34170.0,35995.0,19579.0,50355.0
242892.63904281016,47728.0,48223.0,46890.0,50248.0
225296.26498789605,24200.0,22320.0,813.0,24985.0
240177.16320581987,29195.0,25664.0,21672.0,22887.0
275659.1043116754,13791.0,51294.0,36264.0,24309.0
284058.6376418598,15664.0,38805.0,28364.0,4326.0
207131.9916776603,44143.0,12662.0,39028.0,50372.0
233861.46521955458,21187.0,22673.0,28294.0,28915.0
224309.17647942874,35587.0,30993.0,9784.0,38771.0
265391.90686313156,5107.0,29087.0,27508.0,1892.0
251459.37711830423,32894.0,23415.0,22728.0,1914.0
243662.80535604505,16051.0,23306.0,34023.0,28089.0
293700.1619956859,5004.0,40364.0,49380.0,9167.0
269738.0019878651,2572.0,20617.0,46347.0,9736.0
203880.1732919067,26506.0,6439.0,20569.0,42518.0
235092.9747207782,41199.0,20282.0,20297.0,21007.0
282753.4688029741,1228.0,46236.0,34776.0,17914.0
258335.24378412703,13229.0,11283.0,48114.0,16857.0
276629.21526454773,45123.0,43624.0,43347.0,19350.0
210566.1860696854,46229.0,22173.0,13593.0,45462.0
247642.76298590106,27040.0,36281.0,51015.0,45626.0
280545.96967128443,11695.0,35681.0,47141.0,17959.0
260597.7866101543,30050.0,50137.0,21674.0,22851.0
231288.4309299209,5715.0,6798.0,48477.0,31835.0
252326.66533058273,49459.0,28775.0,20886.0,2501.0
259755.27087928166,15522.0,8414.0,50770.0,9701.0
250542.96078252458,18130.0,49043.0,15792.0,27390.0
287007.8740421755,28694.0,40393.0,40569.0,1292.0
225729.71892706302,49112.0,7797.0,15186.0,11171.0
248469.30148193325,9830.0,2391.0,39405.0,18262.0
